<?xml version="1.0" encoding="UTF-8"?>
<project-private xmlns="http://www.netbeans.org/ns/project-private/1">
    <editor-bookmarks xmlns="http://www.netbeans.org/ns/editor-bookmarks/2" lastBookmarkId="0"/>
    <open-files xmlns="http://www.netbeans.org/ns/projectui-open-files/2">
        <group>
            <file>file:/C:/Users/New/Desktop/FarmerChain%20Sample/FarmerChain/Farmer%20Chain/src/FarmerIdentity/Transaction.java</file>
            <file>file:/C:/Users/New/Desktop/FarmerChain%20Sample/FarmerChain/Farmer%20Chain/src/FarmerIdentity/Block.java</file>
            <file>file:/C:/Users/New/Desktop/FarmerChain%20Sample/FarmerChain/Farmer%20Chain/src/FarmerIdentity/FarmerRecordDetails.java</file>
            <file>file:/C:/Users/New/Desktop/FarmerChain%20Sample/FarmerChain/Farmer%20Chain/src/FarmerIdentity/FarmerRecord.java</file>
            <file>file:/C:/Users/New/Desktop/FarmerChain%20Sample/FarmerChain/Farmer%20Chain/src/FarmerIdentity/EncryptionDecryption.java</file>
            <file>file:/C:/Users/New/Desktop/FarmerChain%20Sample/FarmerChain/Farmer%20Chain/src/FarmerIdentity/TransactionPoolAdapter.java</file>
            <file>file:/C:/Users/New/Desktop/FarmerChain%20Sample/FarmerChain/Farmer%20Chain/Temp.txt</file>
            <file>file:/C:/Users/New/Desktop/FarmerChain%20Sample/FarmerChain/Farmer%20Chain/src/FarmerIdentity/BlockchainIt.java</file>
            <file>file:/C:/Users/New/Desktop/FarmerChain%20Sample/FarmerChain/Farmer%20Chain/src/FarmerIdentity/BlockchainInterface.java</file>
            <file>file:/C:/Users/New/Desktop/FarmerChain%20Sample/FarmerChain/Farmer%20Chain/src/FarmerIdentity/FarmerChain.java</file>
            <file>file:/C:/Users/New/Desktop/FarmerChain%20Sample/FarmerChain/Farmer%20Chain/Transaction.txt</file>
            <file>file:/C:/Users/New/Desktop/FarmerChain%20Sample/FarmerChain/Farmer%20Chain/src/FarmerIdentity/Blockchain.java</file>
            <file>file:/C:/Users/New/Desktop/FarmerChain%20Sample/FarmerChain/Farmer%20Chain/src/FarmerIdentity/HashingUtils.java</file>
            <file>file:/C:/Users/New/Desktop/FarmerChain%20Sample/FarmerChain/Farmer%20Chain/TransactionPool.txt</file>
        </group>
    </open-files>
</project-private>
